Last Name,First Name,Office #,Email,Phone #
Allen,Bruce,10.63NB,bruceallen@aol.com,718-693-3348
Cole,Kenneth,8.63NB,kennethcole@aol.com,718-583-2236
Dane,Jane,6.63NB,janedane@aol.com,917-654-7891
Doe,Tony,5.63NB,tonydoe@aol.com,646-555-2697
Page,Karen,7.63NB,karenpage@aol.com,347-239-4675
Velez,Anthony,4.63NB,anthonyvelez@aol.com,347-154-7251
Velez,Freddy,9.63NB,freddyvelez@aol.com,347-754-6251
